company,firstname,lastname,email,phone,bornbefore1980
Cormier Inc,Sadye,Halvorson,elias04@yahoo.com,0015392898821,1
Hettinger Adams and Hill,Pascale,Terry,igottlieb@runolfsson.org,0016298175353,0
Bogan-O'Reilly,Nettie,Renner,blanda.zackary@yahoo.com,0012527432695,1
Turner PLC,Freida,Waters,howe.river@funk.com,0014582103138,1
Daugherty PLC,Fay,Koch,antwon43@gleichner.com,0018505427176,1
Kris Vandervort and Dooley,Laney,Harris,damore.yolanda@crist.com,0012392621623,0
Hudson LLC,Andreane,McGlynn,cremin.devonte@carter.com,0018436325479,1
Shanahan-Fahey,Zena,Brakus,zkozey@kshlerin.biz,0012317463576,0
Metz Bednar and Klocko,Skyla,Deckow,judah17@yahoo.com,0012692356731,0
Welch LLC,Kara,Crona,umcglynn@hammes.com,0012832415017,0
O'Hara Friesen and Sporer,Pearline,Gutmann,bergstrom.jazmin@brekke.com,0018037763451,1
Walsh Windler and Miller,Mona,Schamberger,earnest.brown@bahringer.com,0013807838871,1
Keeling Corkery and Hackett,Alverta,Johnson,abelardo.erdman@hotmail.com,0015126280497,1
Bernhard-Stoltenberg,Antonietta,Purdy,joelle.rosenbaum@kuvalis.org,0016129898972,1
Ebert Parker and Bahringer,Julia,Rodriguez,fconsidine@yahoo.com,0017378352665,0
Pollich Lynch and Johnston,Zula,Pouros,afton45@hotmail.com,0012532262449,1
Reichel Bartell and Kiehn,Wendy,Daniel,leonel95@kling.com,0012403575980,1
Morar Shields and Kuhic,Gina,Crooks,vella.baumbach@robel.com,0016574047357,1
Emmerich Funk and Hermann,Anjali,Weimann,sonny98@walter.net,0012693159267,0
Eichmann Wiegand and Goyette,Delphia,Sauer,janet86@thiel.com,0018132695998,1
Powlowski Ltd,Cara,Dach,reginald08@gmail.com,0013604299083,1
Swift PLC,Abigail,Ortiz,santino96@tromp.net,0014086042690,1
Blanda-Sauer,Jessika,Grady,armani81@yahoo.com,0012182008486,1
Metz-Prosacco,Lindsay,White,klein.jordane@braun.biz,0016467678101,1
Little-Corwin,Leila,Kozey,swaniawski.arjun@bednar.org,0016208286692,0
Ebert LLC,Lyla,Weissnat,koss.everett@fisher.com,0014105519784,0
Spinka Pfannerstill and Parker,Helena,Stoltenberg,alvah.fahey@hane.net,0015316990065,1
Terry-Sawayn,Elissa,Bergstrom,bsauer@gmail.com,0015032100283,1
