company,firstname,lastname,email,phone,birthday,gender
Cormier Inc,Sadye,Halvorson,elias04@yahoo.com,+15392898821,1990-04-23,female
Hettinger Adams and Hill,Pascale,Terry,igottlieb@runolfsson.org,+16298175353,1976-06-11,female
Bogan-O'Reilly,Nettie,Renner,blanda.zackary@yahoo.com,+12527432695,1981-02-15,female
Hintz Mayert and Hegmann,Jaylin,Lesch,price.lilian@hotmail.com,+16694396384,2000-02-23,male
Turner PLC,Freida,Waters,howe.river@funk.com,+14582103138,1996-12-09,female
Daugherty PLC,Fay,Koch,antwon43@gleichner.com,+18505427176,2020-01-24,female
Borer Koss and Nienow,Dustin,Daniel,caitlyn.leffler@hotmail.com,+12676942294,1984-06-07,male
Kris Vandervort and Dooley,Laney,Harris,damore.yolanda@crist.com,+12392621623,1937-03-21,female
Gibson Brown and Jast,Clyde,Hickle,donna.block@beer.com,+18703183991,1990-02-06,male
Hudson LLC,Andreane,McGlynn,cremin.devonte@carter.com,+18436325479,1991-12-24,female
Shanahan-Fahey,Zena,Brakus,zkozey@kshlerin.biz,+12317463576,1966-03-24,female
Padberg Zulauf and Stokes,Ladarius,McLaughlin,jbrakus@ledner.org,+17854502989,1975-03-16,male
Metz Bednar and Klocko,Skyla,Deckow,judah17@yahoo.com,+12692356731,1957-06-26,female
Pfannerstill-Stoltenberg,Vladimir,O'Kon,vfeil@carroll.com,+18102954367,1998-03-14,male
Bashirian Harber and Upton,Arely,Cummings,mraz.eunice@goodwin.com,+14809374758,2001-02-24,male
Casper-Ullrich,Shaun,Sanford,paxton.block@haley.com,+16088522544,1968-11-13,male
Welch LLC,Kara,Crona,umcglynn@hammes.com,+12832415017,1978-03-26,female
O'Hara Friesen and Sporer,Pearline,Gutmann,bergstrom.jazmin@brekke.com,+18037763451,2005-01-24,female
Blick-Waelchi,Crawford,Dickinson,xhoeger@gmail.com,+13609267766,1957-12-30,male
Christiansen Group,Easton,Beer,clare.kerluke@hills.com,+13527369514,2017-04-26,male
Ortiz LLC,Marquis,Price,prosacco.lela@gmail.com,+15092888872,2017-06-11,male
Walsh Windler and Miller,Mona,Schamberger,earnest.brown@bahringer.com,+13807838871,1997-02-21,female
Keeling Corkery and Hackett,Alverta,Johnson,abelardo.erdman@hotmail.com,+15126280497,2004-07-09,female
Bernhard-Stoltenberg,Antonietta,Purdy,joelle.rosenbaum@kuvalis.org,+16129898972,2014-01-08,female
Ebert Parker and Bahringer,Julia,Rodriguez,fconsidine@yahoo.com,+17378352665,1961-10-25,female
Windler LLC,Consuelo,Heller,lueilwitz.zora@terry.org,+17812841059,1990-03-19,male
Rippin Strosin and Cremin,Dell,Beahan,johns.elliott@dickinson.net,+18479292414,1999-09-23,male
Pollich Lynch and Johnston,Zula,Pouros,afton45@hotmail.com,+12532262449,1996-10-05,female
Reichel Bartell and Kiehn,Wendy,Daniel,leonel95@kling.com,+12403575980,2004-01-21,female
Morar Shields and Kuhic,Gina,Crooks,vella.baumbach@robel.com,+16574047357,1996-02-22,female
Emmerich Funk and Hermann,Anjali,Weimann,sonny98@walter.net,+12693159267,1969-03-07,female
Roberts-Russel,Tyreek,Corwin,ward45@yahoo.com,+18724937882,1976-11-06,male
Eichmann Wiegand and Goyette,Delphia,Sauer,janet86@thiel.com,+18132695998,1988-05-26,female
Powlowski Ltd,Cara,Dach,reginald08@gmail.com,+13604299083,2011-04-16,female
Swift PLC,Abigail,Ortiz,santino96@tromp.net,+14086042690,1985-10-17,female
Blanda-Sauer,Jessika,Grady,armani81@yahoo.com,+12182008486,1988-01-19,female
Metz-Prosacco,Lindsay,White,klein.jordane@braun.biz,+16467678101,1980-08-19,female
Bosco-Kovacek,Ben,Connelly,deshaun.lindgren@medhurst.com,+19155211601,1975-02-05,male
Miller Inc,Jovan,Dietrich,wilford04@hotmail.com,+18479901631,1950-09-08,male
McLaughlin-Price,Watson,Baumbach,xhirthe@gmail.com,+15207264661,2001-05-28,male
Hilpert Inc,Frederik,Hermann,dgibson@ernser.info,+13213171012,1953-03-03,male
Little-Corwin,Leila,Kozey,swaniawski.arjun@bednar.org,+16208286692,1952-10-23,female
Ebert LLC,Lyla,Weissnat,koss.everett@fisher.com,+14105519784,1955-02-16,female
Schinner-Lebsack,Rudolph,Braun,rowe.dereck@kris.net,+17635763450,1938-05-15,male
Kautzer-Parisian,Oscar,Buckridge,umraz@hotmail.com,+16815255835,1978-08-04,male
Funk LLC,Alfonso,Frami,balistreri.bart@yahoo.com,+19094974822,1992-09-28,male
Spinka Pfannerstill and Parker,Helena,Stoltenberg,alvah.fahey@hane.net,+15316990065,2007-07-24,female
Lockman-Hudson,Fabian,Hartmann,mann.cassie@yahoo.com,+13345685853,1977-04-01,male
Klocko-Robel,Maxwell,Hegmann,elliott.leffler@gmail.com,+19166786196,1945-11-21,male
Terry-Sawayn,Elissa,Bergstrom,bsauer@gmail.com,+15032100283,2024-09-12,female