name,email,phone,country,website
Cormier Inc,howe.richard@hirthe.com,+17746762097,Colombia,http://bashirian.biz
Hettinger Adams and Hill,lavinia68@mcdermott.info,+13034031814,United Kingdom,http://stroman.com
Bogan-O'Reilly,sauer.tania@hotmail.com,+12074659447,Korea,http://hintz.net
Hintz Mayert and Hegmann,ewell.bailey@gmail.com,+14849915259,Madagascar,http://wiza.org
Turner PLC,vincenza.howe@yahoo.com,+19162322401,Nicaragua,http://rowe.net
Daugherty PLC,paucek.howard@gmail.com,+12488484263,Eritrea,http://effertz.com
Borer Koss and Nienow,roselyn82@yahoo.com,+12817925958,Turks and Caicos Islands,http://parker.biz
Kris Vandervort and Dooley,shayne.barton@dietrich.biz,+13095514596,Maldives,http://lemke.com
Gibson Brown and Jast,brandt06@hotmail.com,+13416893497,Cuba,http://johnston.info
Hudson LLC,schiller.cynthia@dibbert.com,+17027971317,Singapore,http://schumm.info
Shanahan-Fahey,alta.jerde@yahoo.com,+18723938845,Gabon,http://hauck.biz
Padberg Zulauf and Stokes,theodora31@hotmail.com,+17732511986,Denmark,http://gerhold.com
Metz Bednar and Klocko,robb.bednar@gmail.com,+17472506652,Gibraltar,http://daniel.com
Pfannerstill-Stoltenberg,lessie.armstrong@roob.org,+17377357022,Saint Helena,http://waters.com
Bashirian Harber and Upton,camylle.boehm@feeney.com,+16208598059,Ireland,http://larson.info
Casper-Ullrich,cleffler@casper.info,+14582549227,Martinique,http://leuschke.com
Welch LLC,heller.assunta@yahoo.com,+12522733983,Trinidad and Tobago,http://haley.com
O'Hara Friesen and Sporer,jerald03@pacocha.info,+17864425239,Mongolia,http://kulas.com
Blick-Waelchi,sabrina69@orn.com,+19495379216,Tunisia,http://pfannerstill.com
Christiansen Group,theresia39@gmail.com,+18049554958,Svalbard & Jan Mayen Islands,http://boehm.net
Ortiz LLC,reed.von@hotmail.com,+18653508015,Cocos (Keeling) Islands,http://schmitt.com
Walsh Windler and Miller,schmeler.xzavier@hotmail.com,+16125855505,Algeria,http://ratke.org
Keeling Corkery and Hackett,holly.farrell@yahoo.com,+13467411842,Singapore,http://lindgren.info
Bernhard-Stoltenberg,nmayer@keebler.org,+17728077724,Suriname,http://romaguera.net
Ebert Parker and Bahringer,wvandervort@mclaughlin.biz,+13213389243,Chile,http://kub.net
Windler LLC,santina23@hotmail.com,+13612978211,Papua New Guinea,http://jacobi.com
Rippin Strosin and Cremin,helen86@yahoo.com,+16815074691,Argentina,http://stiedemann.biz
Pollich Lynch and Johnston,ejohnston@connelly.net,+13865146700,Equatorial Guinea,http://morar.net
Reichel Bartell and Kiehn,amari.cummerata@hermiston.info,+14028705647,Switzerland,http://kuhic.com
Morar Shields and Kuhic,qhalvorson@hotmail.com,+19498997435,Holy See (Vatican City State),http://ebert.com
Emmerich Funk and Hermann,shanelle36@rohan.com,+15014160341,Bangladesh,http://kris.com
Roberts-Russel,brandy.schulist@gmail.com,+19289405673,Czech Republic,http://fay.com
Eichmann Wiegand and Goyette,edouglas@mertz.com,+16817809923,Belize,http://schiller.biz
Powlowski Ltd,warren02@yahoo.com,+16608336049,Nauru,http://zemlak.com
Swift PLC,klocko.jackeline@mueller.net,+12486275647,Papua New Guinea,http://aufderhar.org
Blanda-Sauer,tania12@gmail.com,+16618696826,Bouvet Island (Bouvetoya),http://reynolds.biz
Metz-Prosacco,cornelius55@rodriguez.com,+16209241452,Sao Tome and Principe,http://luettgen.info
Bosco-Kovacek,dovie75@jones.org,+19087036963,Faroe Islands,http://bernhard.net
Miller Inc,morgan37@gmail.com,+12143133997,Madagascar,http://huels.com
McLaughlin-Price,lacey17@yahoo.com,+13204777329,Aruba,http://effertz.com
Hilpert Inc,tmiller@hotmail.com,+17725498242,Hungary,http://mante.org
Little-Corwin,cole.brown@gmail.com,+16818961740,Pakistan,http://cronin.com
Ebert LLC,zemlak.harry@yahoo.com,+13606086283,Rwanda,http://kub.com
Schinner-Lebsack,xcassin@yahoo.com,+13805299561,Costa Rica,http://mcclure.info
Kautzer-Parisian,gibson.hannah@hotmail.com,+17376996917,Iran,http://will.com
Funk LLC,madelyn.kassulke@gmail.com,+14242892295,Maldives,http://tremblay.biz
Spinka Pfannerstill and Parker,kautzer.dax@gmail.com,+17439919654,Kenya,http://heathcote.biz
Lockman-Hudson,lynch.jackeline@wehner.org,+19167104241,Macao,http://steuber.info
Klocko-Robel,pinkie25@gutmann.org,+12399769294,Wallis and Futuna,http://legros.info
Terry-Sawayn,meda79@price.biz,+17243693567,Nicaragua,http://vonrueden.com